Sl.No,User,pre_boundary_created,pre_boundary_mod,pre_boundary_del,primary_boundary_created,primary_boundary_mod,primary_boundary_del,pre_sch_created,pre_sch_mod,pre_sch_del,primary_sch_created,primary_sch_mod,primary_sch_del,pre_stud_created,pre_stud_mod,pre_stud_del,primary_stud_created,primary_stud_mod,primary_stud_del,pre_teacher_created,pre_teacher_mod,pre_teacher_del,primary_teacher_created,primary_teacher_mod,primary_teacher_del
6,ak5kop,0,0,0,0,0,0,0,0,0,0,0,0,0,0,0,75,75,0,0,0,0,0,0,0
1,ak10kop,0,0,0,0,0,0,0,0,0,0,0,0,0,0,0,9,9,0,0,0,0,0,0,0
7,ak6kop,0,0,0,0,0,0,0,0,0,0,0,0,0,0,0,72,72,0,0,0,0,0,0,0
2,ak1kop,0,0,0,0,0,0,0,0,0,0,0,0,0,0,0,36,36,0,0,0,0,0,0,0
8,ak7kop,0,0,0,0,0,0,0,0,0,0,0,0,0,0,0,20,20,0,0,0,0,0,0,0
3,ak2kop,0,0,0,0,0,0,0,0,0,0,0,0,0,0,0,8,8,0,0,0,0,0,0,0
9,ak8kop,0,0,0,0,0,0,0,0,0,0,0,0,0,0,0,0,0,0,0,0,0,0,0,0
4,ak3kop,0,0,0,0,0,0,0,0,0,0,0,0,0,0,0,67,67,0,0,0,0,0,0,0
5,ak4kop,0,0,0,0,0,0,0,0,0,0,0,0,0,0,0,80,80,0,0,0,0,0,0,0
6,ak5kop,0,0,0,0,0,0,0,0,0,0,0,0,0,0,0,75,75,0,0,0,0,0,0,0
7,ak6kop,0,0,0,0,0,0,0,0,0,0,0,0,0,0,0,72,72,0,0,0,0,0,0,0
8,ak7kop,0,0,0,0,0,0,0,0,0,0,0,0,0,0,0,20,20,0,0,0,0,0,0,0
9,ak8kop,0,0,0,0,0,0,0,0,0,0,0,0,0,0,0,0,0,0,0,0,0,0,0,0
10,ak9kop,0,0,0,0,0,0,0,0,0,0,0,0,0,0,0,28,28,0,0,0,0,0,0,0
10,ak9kop,0,0,0,0,0,0,0,0,0,0,0,0,0,0,0,28,28,0,0,0,0,0,0,0
11,gayathri,0,0,0,0,0,0,0,0,0,0,0,0,0,0,0,0,0,0,0,0,0,0,0,0
11,gayathri,0,0,0,0,0,0,0,0,0,0,0,0,0,0,0,0,0,0,0,0,0,0,0,0
